<?xml version="1.0" encoding="UTF-8"?>
<GenRun Id="impl_1" LaunchPart="xc7a100tcsg324-3" LaunchTime="1731914812">
  <File Type="ROUTE-PWR" Name="TopClk_power_routed.rpt"/>
  <File Type="PA-TCL" Name="TopClk.tcl"/>
  <File Type="ROUTE-PWR-SUM" Name="TopClk_power_summary_routed.pb"/>
  <File Type="REPORTS-TCL" Name="TopClk_reports.tcl"/>
  <File Type="OPT-RQA-PB" Name="TopClk_rqa_opted.pb"/>
  <File Type="BITSTR-MMI" Name="TopClk.mmi"/>
  <File Type="OPT-METHODOLOGY-DRC" Name="TopClk_methodology_drc_opted.rpt"/>
  <File Type="INIT-TIMING" Name="TopClk_timing_summary_init.rpt"/>
  <File Type="OPT-TIMING" Name="TopClk_timing_summary_opted.rpt"/>
  <File Type="OPT-DCP" Name="TopClk_opt.dcp"/>
  <File Type="OPT-DRC" Name="TopClk_drc_opted.rpt"/>
  <File Type="OPT-HWDEF" Name="TopClk.hwdef"/>
  <File Type="PWROPT-DCP" Name="TopClk_pwropt.dcp"/>
  <File Type="PWROPT-DRC" Name="TopClk_drc_pwropted.rpt"/>
  <File Type="PWROPT-TIMING" Name="TopClk_timing_summary_pwropted.rpt"/>
  <File Type="PLACE-DCP" Name="TopClk_placed.dcp"/>
  <File Type="PLACE-IO" Name="TopClk_io_placed.rpt"/>
  <File Type="PLACE-CLK" Name="TopClk_clock_utilization_placed.rpt"/>
  <File Type="PLACE-UTIL" Name="TopClk_utilization_placed.rpt"/>
  <File Type="PLACE-UTIL-PB" Name="TopClk_utilization_placed.pb"/>
  <File Type="PLACE-CTRL" Name="TopClk_control_sets_placed.rpt"/>
  <File Type="PLACE-SIMILARITY" Name="TopClk_incremental_reuse_placed.rpt"/>
  <File Type="PLACE-PRE-SIMILARITY" Name="TopClk_incremental_reuse_pre_placed.rpt"/>
  <File Type="BG-BIN" Name="TopClk.bin"/>
  <File Type="PLACE-TIMING" Name="TopClk_timing_summary_placed.rpt"/>
  <File Type="ROUTE-PWR-RPX" Name="TopClk_power_routed.rpx"/>
  <File Type="PLACE-RQA-PB" Name="TopClk_rqa_placed.pb"/>
  <File Type="POSTPLACE-PWROPT-DCP" Name="TopClk_postplace_pwropt.dcp"/>
  <File Type="BITSTR-MSK" Name="TopClk.msk"/>
  <File Type="POSTPLACE-PWROPT-TIMING" Name="TopClk_timing_summary_postplace_pwropted.rpt"/>
  <File Type="PHYSOPT-DCP" Name="TopClk_physopt.dcp"/>
  <File Type="PHYSOPT-DRC" Name="TopClk_drc_physopted.rpt"/>
  <File Type="BITSTR-RBT" Name="TopClk.rbt"/>
  <File Type="PHYSOPT-TIMING" Name="TopClk_timing_summary_physopted.rpt"/>
  <File Type="ROUTE-ERROR-DCP" Name="TopClk_routed_error.dcp"/>
  <File Type="ROUTE-DCP" Name="TopClk_routed.dcp"/>
  <File Type="ROUTE-BLACKBOX-DCP" Name="TopClk_routed_bb.dcp"/>
  <File Type="ROUTE-DRC" Name="TopClk_drc_routed.rpt"/>
  <File Type="ROUTE-DRC-PB" Name="TopClk_drc_routed.pb"/>
  <File Type="ROUTE-DRC-RPX" Name="TopClk_drc_routed.rpx"/>
  <File Type="ROUTE-METHODOLOGY-DRC" Name="TopClk_methodology_drc_routed.rpt"/>
  <File Type="ROUTE-METHODOLOGY-DRC-RPX" Name="TopClk_methodology_drc_routed.rpx"/>
  <File Type="ROUTE-METHODOLOGY-DRC-PB" Name="TopClk_methodology_drc_routed.pb"/>
  <File Type="ROUTE-RQS-PB" Name="TopClk_rqs_routed.pb"/>
  <File Type="ROUTE-STATUS" Name="TopClk_route_status.rpt"/>
  <File Type="ROUTE-STATUS-PB" Name="TopClk_route_status.pb"/>
  <File Type="ROUTE-TIMINGSUMMARY" Name="TopClk_timing_summary_routed.rpt"/>
  <File Type="ROUTE-TIMING-PB" Name="TopClk_timing_summary_routed.pb"/>
  <File Type="ROUTE-TIMING-RPX" Name="TopClk_timing_summary_routed.rpx"/>
  <File Type="ROUTE-SIMILARITY" Name="TopClk_incremental_reuse_routed.rpt"/>
  <File Type="ROUTE-CLK" Name="TopClk_clock_utilization_routed.rpt"/>
  <File Type="ROUTE-BUS-SKEW" Name="TopClk_bus_skew_routed.rpt"/>
  <File Type="ROUTE-BUS-SKEW-PB" Name="TopClk_bus_skew_routed.pb"/>
  <File Type="ROUTE-BUS-SKEW-RPX" Name="TopClk_bus_skew_routed.rpx"/>
  <File Type="POSTROUTE-PHYSOPT-DCP" Name="TopClk_postroute_physopt.dcp"/>
  <File Type="POSTROUTE-PHYSOPT-BLACKBOX-DCP" Name="TopClk_postroute_physopt_bb.dcp"/>
  <File Type="POSTROUTE-PHYSOPT-TIMING" Name="TopClk_timing_summary_postroute_physopted.rpt"/>
  <File Type="POSTROUTE-PHYSOPT-TIMING-PB" Name="TopClk_timing_summary_postroute_physopted.pb"/>
  <File Type="POSTROUTE-PHYSOPT-TIMING-RPX" Name="TopClk_timing_summary_postroute_physopted.rpx"/>
  <File Type="POSTROUTE-PHYSOPT-BUS-SKEW" Name="TopClk_bus_skew_postroute_physopted.rpt"/>
  <File Type="BG-BIT" Name="TopClk.bit"/>
  <File Type="POSTROUTE-PHYSOPT-BUS-SKEW-PB" Name="TopClk_bus_skew_postroute_physopted.pb"/>
  <File Type="POSTROUTE-PHYSOPT-BUS-SKEW-RPX" Name="TopClk_bus_skew_postroute_physopted.rpx"/>
  <File Type="BITSTR-NKY" Name="TopClk.nky"/>
  <File Type="BITSTR-BMM" Name="TopClk_bd.bmm"/>
  <File Type="PDI-FILE" Name="TopClk.pdi"/>
  <File Type="BOOT-PDI-FILE" Name="TopClk_boot.pdi"/>
  <File Type="PL-PDI-FILE" Name="TopClk_pld.pdi"/>
  <File Type="RCFI_FILE" Name="TopClk.rcfi"/>
  <File Type="CFI_FILE" Name="TopClk.cfi"/>
  <File Type="RNPI_FILE" Name="TopClk.rnpi"/>
  <File Type="NPI_FILE" Name="TopClk.npi"/>
  <File Type="RBD_FILE" Name="TopClk.rbd"/>
  <File Type="BITSTR-LTX" Name="debug_nets.ltx"/>
  <File Type="BITSTR-LTX" Name="TopClk.ltx"/>
  <File Type="BITSTR-SYSDEF" Name="TopClk.sysdef"/>
  <File Type="BG-BGN" Name="TopClk.bgn"/>
  <File Type="BG-DRC" Name="TopClk.drc"/>
  <File Type="RDI-RDI" Name="TopClk.vdi"/>
  <File Type="WBT-USG" Name="usage_statistics_webtalk.html"/>
  <File Type="ROUTE-RQS" Name="TopClk_routed.rqs"/>
  <File Type="POSTROUTE-PHYSOPT-RQS" Name="TopClk_postroute_physopted.rqs"/>
  <File Type="ROUTE-RQS-RPT" Name="route_report_qor_suggestions_0.rpt"/>
  <File Type="POSTROUTE-PHYSOPT-RQS-RPT" Name="postroute_physopt_report_qor_suggestions_0.rpt"/>
  <FileSet Name="sources" Type="DesignSrcs" RelSrcDir="$PSRCDIR/sources_1" RelGenDir="$PGENDIR/sources_1">
    <Filter Type="Srcs"/>
    <File Path="$PPRDIR/../../../dev/fpga/fpgadut/ClkGen.sv">
      <FileInfo>
        <Attr Name="UsedIn" Val="synthesis"/>
        <Attr Name="UsedIn" Val="implementation"/>
        <Attr Name="UsedIn" Val="simulation"/>
      </FileInfo>
    </File>
    <File Path="$PSRCDIR/sources_1/new/UpCounterLogic.sv">
      <FileInfo>
        <Attr Name="UsedIn" Val="synthesis"/>
        <Attr Name="UsedIn" Val="implementation"/>
        <Attr Name="UsedIn" Val="simulation"/>
      </FileInfo>
    </File>
    <File Path="$PSRCDIR/sources_1/new/TopClk.sv">
      <FileInfo>
        <Attr Name="UsedIn" Val="synthesis"/>
        <Attr Name="UsedIn" Val="implementation"/>
        <Attr Name="UsedIn" Val="simulation"/>
      </FileInfo>
    </File>
    <File Path="$PPRDIR/../../../dev/fpga/fpgadut/UpCounter.sv">
      <FileInfo>
        <Attr Name="AutoDisabled" Val="1"/>
        <Attr Name="UsedIn" Val="synthesis"/>
        <Attr Name="UsedIn" Val="implementation"/>
        <Attr Name="UsedIn" Val="simulation"/>
      </FileInfo>
    </File>
    <File Path="$PPRDIR/../../../dev/fpga/fpgadut/SevSegDisplay.sv">
      <FileInfo>
        <Attr Name="AutoDisabled" Val="1"/>
        <Attr Name="UsedIn" Val="synthesis"/>
        <Attr Name="UsedIn" Val="implementation"/>
        <Attr Name="UsedIn" Val="simulation"/>
      </FileInfo>
    </File>
    <File Path="$PPRDIR/../../../dev/fpga/fpgadut/TopLevelDUT.sv">
      <FileInfo>
        <Attr Name="AutoDisabled" Val="1"/>
        <Attr Name="UsedIn" Val="synthesis"/>
        <Attr Name="UsedIn" Val="implementation"/>
        <Attr Name="UsedIn" Val="simulation"/>
      </FileInfo>
    </File>
    <File Path="$PSRCDIR/sources_1/new/test.v">
      <FileInfo>
        <Attr Name="AutoDisabled" Val="1"/>
        <Attr Name="UsedIn" Val="synthesis"/>
        <Attr Name="UsedIn" Val="implementation"/>
        <Attr Name="UsedIn" Val="simulation"/>
      </FileInfo>
    </File>
    <Config>
      <Option Name="DesignMode" Val="RTL"/>
      <Option Name="TopModule" Val="TopClk"/>
    </Config>
  </FileSet>
  <FileSet Name="constrs_in" Type="Constrs" RelSrcDir="$PSRCDIR/constrs_1" RelGenDir="$PGENDIR/constrs_1">
    <Filter Type="Constrs"/>
    <File Path="$PPRDIR/../../../dev/fpga/fpgadut/NexysA7.xdc">
      <FileInfo>
        <Attr Name="UsedIn" Val="synthesis"/>
        <Attr Name="UsedIn" Val="implementation"/>
      </FileInfo>
    </File>
    <Config>
      <Option Name="TargetConstrsFile" Val="$PPRDIR/../../../dev/fpga/fpgadut/NexysA7.xdc"/>
      <Option Name="ConstrsType" Val="XDC"/>
    </Config>
  </FileSet>
  <FileSet Name="utils" Type="Utils" RelSrcDir="$PSRCDIR/utils_1" RelGenDir="$PGENDIR/utils_1">
    <Filter Type="Utils"/>
    <File Path="$PSRCDIR/utils_1/imports/synth_1/TopLevelDUT.dcp">
      <FileInfo>
        <Attr Name="UsedIn" Val="synthesis"/>
        <Attr Name="UsedIn" Val="implementation"/>
        <Attr Name="UsedInSteps" Val="synth_1"/>
        <Attr Name="AutoDcp" Val="1"/>
      </FileInfo>
    </File>
    <Config>
      <Option Name="TopAutoSet" Val="TRUE"/>
    </Config>
  </FileSet>
  <Strategy Version="1" Minor="2">
    <StratHandle Name="Vivado Implementation Defaults" Flow="Vivado Implementation 2024"/>
    <Step Id="init_design"/>
    <Step Id="opt_design"/>
    <Step Id="power_opt_design"/>
    <Step Id="place_design"/>
    <Step Id="post_place_power_opt_design"/>
    <Step Id="phys_opt_design"/>
    <Step Id="route_design"/>
    <Step Id="post_route_phys_opt_design"/>
    <Step Id="write_bitstream"/>
  </Strategy>
</GenRun>
